,0.1,0.11,0.12,0.13,0.14,0.15,0.16,0.17,0.18,0.19,0.2,0.21,0.22,0.23,0.24,0.25,0.26,0.27,0.28,0.29,0.3,0.31,0.32,0.33,0.34,0.35,0.36,0.37,0.38,0.39,0.4,0.41,0.42,0.43,0.44,0.45,0.46,0.47,0.48,0.49,0.5,0.51,0.52,0.53,0.54,0.55,0.56,0.57,0.58,0.59,0.6,0.61,0.62,0.63,0.64,0.65,0.66,0.67,0.68,0.69
0.1,0.0,0.0,0.0,0.0,0.0,0.0,0.0,0.0,0.0,0.0,0.0,0.0,0.0,0.0,0.0,0.0,0.0,0.0,0.0,0.0,0.0,0.0,0.0,0.0,0.0,0.0,0.0,0.0,0.0,0.0,0.0,0.0,0.0,0.0,0.0,0.0,0.0,0.0,0.0,0.0,0.0,0.0,0.0,0.0,0.0,0.0,0.0,0.0,0.0,0.0,0.0,0.0,0.0,0.0,9.80156384142102,9.838693740690777,9.872211896909059,9.901980181997176,9.927840230741074,9.9494710022258
0.11,0.0,0.0,0.0,0.0,0.0,0.0,0.0,0.0,0.0,0.0,0.0,0.0,0.0,0.0,0.0,0.0,0.0,0.0,0.0,0.0,0.0,0.0,0.0,0.0,0.0,0.0,0.0,0.0,0.0,0.0,0.0,0.0,0.0,0.0,0.0,0.0,0.0,0.0,0.0,0.0,0.0,0.0,0.0,0.0,0.0,0.0,9.799301562922588,9.849691956656162,9.896304899070063,9.939030822711725,9.977440588166793,10.011515158185352,10.041060631836437,10.06596758207952,10.086109822851533,10.10134800730693,10.064339120386965,10.06986603234728,10.069828537491208,10.06405202765408
0.12,0.0,0.0,0.0,0.0,0.0,0.0,0.0,0.0,0.0,0.0,0.0,0.0,0.0,0.0,0.0,0.0,0.0,0.0,0.0,0.0,0.0,0.0,0.0,0.0,0.0,0.0,0.0,0.0,0.0,0.0,0.0,0.0,0.0,0.0,0.0,0.0,0.0,0.0,0.0,0.0,9.833931085054594,9.893766124031998,9.949266551459505,9.999944106400871,10.04570319488379,10.086410586964623,10.121953048548624,10.104931638799822,10.13087779251703,10.151401592671832,10.16650620619759,10.176029795043307,10.179782659967366,10.177504981348982,10.168891295463492,10.15357189543257,10.131103303159774,10.100945064063334,10.062574799936854,10.015264158713007
0.13,0.0,0.0,0.0,0.0,0.0,0.0,0.0,0.0,0.0,0.0,0.0,0.0,0.0,0.0,0.0,0.0,0.0,0.0,0.0,0.0,0.0,0.0,0.0,0.0,0.0,0.0,0.0,0.0,0.0,0.0,0.0,0.0,0.0,0.0,9.806843048186114,9.880087808224538,9.948381660441843,10.011137973786965,10.068113786736227,10.119162340350556,10.12505608668717,10.156751242480556,10.190914523870955,10.21918923715894,10.237206719238262,10.25380030343974,10.264243612086272,10.268342296503912,10.26581132716673,10.256257969309447,10.239173632334186,10.213919902667644,10.182914825346504,10.138752838992051,10.083643523981785,10.016394572798927,9.935775006346514,9.840896766564999,9.731904446626295,9.617542321020856
0.14,0.0,0.0,0.0,0.0,0.0,0.0,0.0,0.0,0.0,0.0,0.0,0.0,0.0,0.0,0.0,0.0,0.0,0.0,0.0,0.0,0.0,0.0,0.0,0.0,0.0,0.0,0.0,0.0,0.0,0.0,9.873357997551448,9.954013358271403,10.028037488536834,10.095135391720651,10.155100251019434,10.160976129720085,10.208097649437578,10.243845093155006,10.277769106954498,10.305049073391064,10.325756185216429,10.339871770043722,10.347267306564826,10.34765727464716,10.340593098616996,10.325424821518904,10.301273907784399,10.26706045435191,10.224255305599968,10.165542980531113,10.09134276335212,9.998457944571411,9.88307268577589,9.751260265959665,9.575916441660151,9.430034209848868,9.25282334432236,9.113082222871617,0.0,0.0
0.15,0.0,0.0,0.0,0.0,0.0,0.0,0.0,0.0,0.0,0.0,0.0,0.0,0.0,0.0,0.0,0.0,0.0,0.0,0.0,0.0,0.0,0.0,0.0,0.0,0.0,0.0,9.894984636685324,9.98623005900469,10.069280535728081,10.143764582210563,10.162405994509484,10.221303492259713,10.294960181804596,10.338670233108592,10.374685521914149,10.40333103112578,10.424802810065284,10.439297087472944,10.419827532790727,10.42030780249553,10.412612944830581,10.395551474757836,10.367609486205478,10.327451398373032,10.274141563248255,10.206208956201896,10.12192573912346,10.002401596178595,9.23424183222125,0.0,0.0,0.0,0.0,0.0,0.0,0.0,0.0,0.0,0.0,0.0
0.16,0.0,0.0,0.0,0.0,0.0,0.0,0.0,0.0,0.0,0.0,0.0,0.0,0.0,0.0,0.0,0.0,0.0,0.0,0.0,0.0,0.0,0.0,9.860824976304361,9.967714700944601,10.06498047348467,10.151857641887341,10.181233764102409,10.271620318173488,10.330966054371421,10.380957661771347,10.4223336910143,10.455799252881155,10.481879314000446,10.50100147792881,10.512924080267549,10.491189689538567,10.486027993613451,10.46796871796474,10.433849379677595,10.383942631637524,10.322723914002312,10.251151976712045,10.161200383704696,9.654483659005109,9.700038054725269,0.0,0.0,0.0,0.0,0.0,0.0,0.0,0.0,0.0,0.0,0.0,0.0,0.0,0.0,0.0
0.17,0.0,0.0,0.0,0.0,0.0,0.0,0.0,0.0,0.0,0.0,0.0,0.0,0.0,0.0,0.0,0.0,0.0,0.0,0.0,9.881995797653278,10.000790578809776,10.10751731709459,10.153693630125723,10.265141921723448,10.331865843823751,10.393192186282457,10.44436979251848,10.486708997739525,10.521320849730932,10.54896451980693,10.569134654863072,10.554928978711311,10.553581064414583,10.532480672294351,10.483431977812389,10.410113711268645,10.338416851107242,10.296265580047582,9.997455593778318,9.66808927644179,9.61924547327934,0.0,3.9496181670097465,0.0,0.0,0.0,0.0,0.0,0.0,0.0,0.0,0.0,0.0,0.0,0.0,0.0,0.0,0.0,0.0,0.0
0.18,0.0,0.0,0.0,0.0,0.0,0.0,0.0,0.0,0.0,0.0,0.0,0.0,0.0,0.0,0.0,0.0,9.851308236989636,9.987383118951886,10.109162300489237,10.167788672632303,10.283684223457142,10.3640394486366,10.431233111784382,10.48731348203031,10.534344014355396,10.57396894713485,10.605974570335782,10.627611252276779,10.610256962398934,10.594229946882702,10.54110451149166,10.429593003686476,10.314256413329943,10.315264277272654,9.98826993342284,9.389560377723305,9.314985287999027,3.865883620643936,3.7000192756152996,3.4980259012350774,3.417719723255533,4.391437767830009,4.213343441275966,0.0,0.0,0.0,0.0,0.0,0.0,0.0,0.0,0.0,0.0,0.0,0.0,0.0,0.0,0.0,0.0,0.0
0.19,0.0,0.0,0.0,0.0,0.0,0.0,0.0,0.0,0.0,0.0,0.0,0.0,0.0,0.0,9.914789196854832,10.059624540469256,10.185995328100539,10.270169875664607,10.364465392745261,10.442631867943332,10.507807372665766,10.563177388158843,10.610768816026242,10.649009797641268,10.659781004519758,10.641067701907529,10.613002702525304,10.542295888931298,10.333252384445402,10.168854145649979,10.388824307468171,9.769443768795536,9.372506923711496,0.0,4.109559141294063,3.886338948391495,3.887230550598549,3.8422627853749125,3.7130697470371237,3.5350012894752463,3.438807895955838,3.307754298191211,0.0,0.0,0.0,0.0,0.0,0.0,0.0,0.0,0.0,0.0,0.0,0.0,0.0,0.0,0.0,0.0,0.0,0.0
0.2,0.0,0.0,0.0,0.0,0.0,0.0,0.0,0.0,0.0,0.0,0.0,0.0,9.939734286200814,10.097105465196458,10.184465711356134,10.323285204737713,10.419995610019113,10.499698551277955,10.567126976944605,10.625807267776034,10.673800934295256,10.690620786950412,10.671951113946507,10.646291150417081,10.5818131480026,10.318255674945362,10.231772315206413,10.234071055075134,9.665686830957336,9.640269444099879,4.512595766374556,4.395789758054879,4.2782767982182515,4.203294841689674,4.115735775813391,4.094027953466869,3.9729334217829924,3.9227187601308824,3.711937389709301,3.524208265489769,3.271391214080586,0.0,0.0,0.0,0.0,0.0,0.0,0.0,0.0,0.0,0.0,0.0,0.0,0.0,0.0,0.0,0.0,0.0,0.0,0.0
0.21,0.0,0.0,0.0,0.0,0.0,0.0,0.0,0.0,0.0,0.0,9.919845600902937,10.096235916298006,10.226362825611245,10.348020203611746,10.451828228810662,10.537208306453898,10.610645852399594,10.673823629985593,10.705753576277429,10.697888869555436,10.665290544575049,10.606768740928315,10.506916888577534,10.250159877901483,10.06261901825487,9.138535363384007,8.848521467484812,4.781401209381473,4.6303007690321305,4.546576713797772,4.498650234428147,4.417502479076989,4.371644700686304,4.281574652604275,4.146446863906049,4.113724275634918,3.9728822763808758,3.86784024267407,3.6517494143881333,3.48539114632586,3.4435398730676465,0.0,0.0,0.0,0.0,0.0,0.0,0.0,0.0,0.0,0.0,0.0,0.0,0.0,0.0,0.0,0.0,0.0,0.0,0.0
0.22,0.0,0.0,0.0,0.0,0.0,0.0,0.0,0.0,9.845605946549428,10.049254958342459,10.17404014954856,10.341619080714532,10.458542598980603,10.553853561469587,10.636146912052427,10.69227192166847,10.73126983411062,10.703109229906557,10.638431222390999,10.540520477151219,10.265426482901523,10.277575849510427,9.497703621349602,9.760454630897067,4.995099892522766,4.877018630925697,4.800453230265599,4.747710788643335,4.649687108587536,4.644927271970048,4.529095441843733,4.4196218528592155,4.4069418688015265,4.288403546991851,4.170456467384581,4.112790990718931,3.936156646930762,5.21356355682305,3.534429080360702,5.1510821897008325,0.0,0.0,0.0,0.0,0.0,0.0,0.0,0.0,0.0,0.0,0.0,0.0,0.0,0.0,0.0,0.0,0.0,0.0,0.0,0.0
0.23,0.0,0.0,0.0,0.0,0.0,0.0,0.0,9.94219629293341,10.14983825762328,10.296256232750103,10.435133661716378,10.545682069093429,10.639944490405068,10.705739547049603,10.726752725682557,10.703476790517605,10.596092427219359,10.54205708473258,10.169174115505415,9.882778244267685,9.221236050165352,10.035689936943324,5.032207076790927,5.002420970336613,4.936033524029,4.913671664471487,4.8834258356658165,4.678460144249409,4.708495214284484,4.666455222992012,4.565435291551516,4.490761384810209,4.425603960258937,4.292193710987135,4.168765458545578,4.0527820976416065,3.946585788956638,5.406298665714367,3.611529074024193,0.0,0.0,0.0,0.0,0.0,0.0,0.0,0.0,0.0,0.0,0.0,0.0,0.0,0.0,0.0,0.0,0.0,0.0,0.0,0.0,0.0
0.24,0.0,0.0,0.0,0.0,0.0,0.0,10.009637648749106,10.17485822964546,10.371056581256047,10.506165198293658,10.61672697232663,10.69835571283877,10.733608320204258,10.69813596842704,10.597349908726649,10.44605721885674,10.027945473948217,9.500986510709163,8.827014934705662,5.729656500416927,5.119925787500636,5.067932662350972,5.02408041711831,5.038640402904718,4.962456346014435,4.9660053424130925,4.922792005821263,4.828171849905687,4.746883689213383,4.668746441719233,4.583949022847575,4.509916588299029,4.429329090943656,4.284999396026031,4.117127383512417,3.9941000151508144,3.877583841555093,5.414743064949145,5.547965400864056,0.0,0.0,0.0,0.0,0.0,0.0,0.0,0.0,0.0,0.0,0.0,0.0,0.0,0.0,0.0,0.0,0.0,0.0,0.0,0.0,0.0
0.25,0.0,0.0,0.0,0.0,0.0,10.046916806407383,10.251120243462926,10.422787231859974,10.559148719483472,10.660757102768185,10.745392816545928,10.734360627058406,10.641293904354246,10.433901505379822,10.073879037662998,9.691345681040215,9.278078651295491,6.064872017901285,5.250994735172634,5.120579345648811,5.132885174743117,5.100778848359462,5.052880035381931,5.033010931455429,5.0105283484361305,4.95261598203631,4.929837368481053,4.880446537394217,4.7360061704414775,4.654905053618689,4.585287627077589,4.508964424154065,4.41466495141668,4.293572831357318,4.081637928575416,3.915082866374876,5.653764154860302,3.394944022733302,5.547965400863789,0.0,0.0,0.0,0.0,0.0,0.0,0.0,0.0,0.0,0.0,0.0,0.0,0.0,0.0,0.0,0.0,0.0,0.0,0.0,0.0,0.0
0.26,0.0,0.0,0.0,0.0,10.052222360147878,10.267093594680906,10.453499873936519,10.59585866470322,10.702690895494884,10.74636933510397,10.692943193235878,10.517448945898577,10.449637794995834,10.001520843777083,9.215227945911794,6.249034913111313,5.465586092014981,5.290388924115541,5.231958411267986,5.135668323865404,5.136444403229779,5.142735367727453,5.089984930446121,5.051366511875029,5.0508173726570265,4.969431431451495,4.9275693851454205,4.908797255999885,4.736174045746488,4.651029751684849,4.582793335748542,4.496453393196935,4.401548920087558,4.251662999765532,4.038031344061556,3.757947329970237,3.468296170411763,0.0,0.0,0.0,0.0,0.0,0.0,0.0,0.0,0.0,0.0,0.0,0.0,0.0,0.0,0.0,0.0,0.0,0.0,0.0,0.0,0.0,0.0,0.0
0.27,0.0,0.0,0.0,10.02190297773386,10.26145952499642,10.463442593830798,10.615989752940067,10.727428806463623,10.746468305238757,10.662435620845939,10.411849758326357,9.987968039355094,9.605451814602604,7.527116391100424,5.720631327903064,5.416285937614073,5.318623330825502,5.3025096401465115,5.273483877738231,5.217303292598655,5.138357984362765,5.150138627702843,5.133533702265001,5.063786087426524,5.04027007627488,5.0059770032658415,4.969542295785533,4.927275591188362,4.742277107708588,4.6533258717358565,4.574091342957129,4.4217279789611545,4.345135391742513,4.17290813715501,3.9625311652736745,5.8301494306760855,5.547965400863889,6.423059207143951,0.0,0.0,0.0,0.0,0.0,0.0,0.0,0.0,0.0,0.0,0.0,0.0,0.0,0.0,0.0,0.0,0.0,0.0,0.0,0.0,0.0,0.0
0.28,0.0,0.0,9.949580146107369,10.23030122144863,10.450950448245043,10.61797719604299,10.737186203207623,10.725129456971349,10.619359332900181,10.369896589917765,9.99747516379781,9.407424850215582,6.560441795521449,5.617111433920987,5.451991995472071,5.40140484549093,5.340494758798854,5.323960916585436,5.295621897521172,5.257598189186194,5.165889540890273,5.140112367313497,5.150830274850092,5.081855528843176,5.046656283382903,4.999598800391332,4.960490114214463,4.93343206133039,4.740266370444885,4.666161971049281,4.551109472039153,4.455906854886686,4.278313473742335,4.0776073825340555,3.7273656184485673,6.01864455086221,0.0,0.0,0.0,0.0,0.0,0.0,0.0,0.0,0.0,0.0,0.0,0.0,0.0,0.0,0.0,0.0,0.0,0.0,0.0,0.0,0.0,0.0,0.0,0.0
0.29,0.0,9.826426163530838,10.174939451576206,10.411918316790107,10.599687826723924,10.733716006755891,10.722789565270617,10.585448051375145,10.386638203022331,9.79706037254362,8.850689701249456,6.342226613714807,5.6396502095024115,5.54559169745778,5.455170398853429,5.421339071573485,5.392059674829682,5.33149740593364,5.323569601518208,5.289284657903555,5.2319568758185735,5.1453882295955795,5.155530768699841,5.092523728836546,5.050792641670812,5.021335925007499,4.956578816893745,4.93447873864515,4.730279148022915,4.672653845696397,4.5336783722276595,4.468530660462333,4.277533700892835,3.9556358646724084,5.88754629549816,0.0,0.0,0.0,0.0,0.0,0.0,0.0,0.0,0.0,0.0,0.0,0.0,0.0,0.0,0.0,0.0,0.0,0.0,0.0,0.0,0.0,0.0,0.0,0.0,0.0
0.3,0.0,10.049660235535576,10.338145652246222,10.558271214777923,10.714154106681292,10.724578361476366,10.584962589658781,10.403630275928823,9.841852505801779,8.208769678812383,6.113871451734628,5.701102405240545,5.579863243035631,5.561462566331039,5.4904566202866025,5.4372646429141485,5.419408311205786,5.37253005685896,5.328190919878011,5.2991922360929875,5.256330007528894,5.150141187793184,5.156208457772007,5.108442572253022,5.053235025461052,5.017118919983986,4.955295310358533,4.930996282692427,4.741232881528059,4.681307228089694,4.548558706150748,4.407919848023078,4.176949283715927,3.7655733740602884,3.48300346091823,0.0,0.0,0.0,0.0,0.0,0.0,0.0,0.0,0.0,0.0,0.0,0.0,0.0,0.0,0.0,0.0,0.0,0.0,0.0,0.0,0.0,0.0,0.0,0.0,0.0
0.31,9.858030537096344,10.221283890532831,10.488273632017018,10.670547636287338,10.74416201196526,10.625144979123245,10.383876791396988,9.854581784424765,7.833347656127768,5.950757532118758,5.735400625902679,5.640168385612973,5.595061558147959,5.5756037973365045,5.517999815662494,5.483123512147634,5.435934603743705,5.4032818429093705,5.3334740901328015,5.3137322840482035,5.27351885593416,5.159654275271412,5.152799106659229,5.133116933957299,5.053961056132081,5.015110097595909,4.955405252379195,4.918273581606822,4.704130568243911,4.6207349510041675,4.508163501314007,4.265635558419061,3.9592396060964496,3.529941674857245,6.375725358406573,0.0,0.0,0.0,0.0,0.0,0.0,0.0,0.0,0.0,0.0,0.0,0.0,0.0,0.0,0.0,0.0,0.0,0.0,0.0,0.0,0.0,0.0,0.0,0.0,0.0
0.32,10.053887069231596,10.376449821531962,10.596473616828652,10.734631712052197,10.669514770303586,10.380487098792683,9.892086501775886,8.409126985732215,6.096118238825792,5.813592872847926,5.723808686007866,5.658445410963234,5.618966989845202,5.586513373107143,5.574270787246008,5.503526349690929,5.4493059207607635,5.4228467552775275,5.343955731393745,5.334434346865122,5.28776808323788,5.186647989171448,5.1503985782663255,5.143548379272867,5.053076425380507,5.013087966471654,4.960657794254481,4.877694443441252,4.702842338869803,4.586586867180127,4.491052050060826,4.116827472459467,3.726781190411403,6.37085988846247,0.0,0.0,0.0,0.0,0.0,0.0,0.0,0.0,0.0,0.0,0.0,0.0,0.0,0.0,0.0,0.0,0.0,0.0,0.0,0.0,0.0,0.0,0.0,0.0,0.0,0.0
0.33,10.202440008854218,10.503769038031434,10.702224161519833,10.697365956865188,10.43383267699212,9.92613842933318,9.082966075907942,6.334939891707008,5.792057115237641,5.769142968113531,5.726139945224299,5.704944907339999,5.64205362648679,5.607793602588759,5.583103139574761,5.520330502823534,5.488410360193322,5.4325959623253715,5.386016457246336,5.334173840775155,5.296751802905427,5.214561587092996,5.149504819736982,5.148509823814213,5.051199919168693,5.012813950560497,4.92154083057808,4.82943474144686,4.649773505789376,4.553920294329771,4.426095593864116,4.0888593248902225,3.609729700863867,0.0,0.0,0.0,0.0,0.0,0.0,0.0,0.0,0.0,0.0,0.0,0.0,0.0,0.0,0.0,0.0,0.0,0.0,0.0,0.0,0.0,0.0,0.0,0.0,0.0,0.0,0.0
0.34,10.34088678118548,10.59514114797195,10.729933103351463,10.56219927550264,10.235523413043436,9.463590519235325,6.874674450869946,5.853932719003946,5.8334584146361,5.782069802169532,5.726748022733158,5.738740376750311,5.684850996324637,5.634129481810141,5.58930359738283,5.571503000848933,5.499909021705254,5.437994031265187,5.402443302437755,5.328363001178922,5.299991123779186,5.234062451190777,5.148662858234699,5.154534669397968,5.048031167165827,5.016128288725165,4.921577461583402,4.754331536281856,4.699468289135391,4.544979160175086,4.354121752048282,6.476918975209523,0.0,0.0,0.0,0.0,0.0,0.0,0.0,0.0,0.0,0.0,0.0,0.0,0.0,0.0,0.0,0.0,0.0,0.0,0.0,0.0,0.0,0.0,0.0,0.0,0.0,0.0,0.0,0.0
0.35,10.456697426061844,10.686187808143783,10.667099478576691,10.376843433111993,9.61356518022918,7.417103173436927,5.996034112577503,5.815094518944141,5.839650212655554,5.808138859141763,5.76424644009907,5.729736151916859,5.729753593107062,5.64926562954444,5.60357741126899,5.577213656297443,5.508249303544514,5.446256714787279,5.418969656908606,5.3292115306481005,5.305007052083807,5.248562623590551,5.147265661145039,5.159798844011184,5.044477415826036,5.012454714530149,4.942064272794214,4.7368981257810345,4.625594940164238,4.467139488789838,4.01401638514785,0.0,0.0,0.0,0.0,0.0,0.0,0.0,0.0,0.0,0.0,0.0,0.0,0.0,0.0,0.0,0.0,0.0,0.0,0.0,0.0,0.0,0.0,0.0,0.0,0.0,0.0,0.0,0.0,0.0
0.36,10.54958144000187,10.712692854950307,10.519655079746357,10.125903020252288,9.199003701189651,6.4013173324920825,5.899575683250125,5.811219109704748,5.849272597789009,5.8370625388503905,5.797140860364867,5.7467674669621145,5.74370633301171,5.683689948905515,5.628221948415045,5.585283928652618,5.514945404121177,5.478582235952783,5.429426564324293,5.349666874920801,5.307725372732276,5.2651226456579145,5.146412290560302,5.158012742823902,5.040062495662492,4.996091570670907,4.939709080476251,4.712935648977205,4.601191757272421,4.388792737234863,6.385187291783767,0.0,0.0,0.0,0.0,0.0,0.0,0.0,0.0,0.0,0.0,0.0,0.0,0.0,0.0,0.0,0.0,0.0,0.0,0.0,0.0,0.0,0.0,0.0,0.0,0.0,0.0,0.0,0.0,0.0
0.37,10.616021982592864,10.662069558655329,10.36802505413751,9.541790714629128,7.214619067299708,5.948206708496256,5.885499346168321,5.82777845510892,5.81786230103215,5.849948823992903,5.8299771449411235,5.7752714836938,5.732974881262499,5.724609779016817,5.638059431577377,5.588350356645229,5.538303150979466,5.497477195862646,5.434778996669373,5.3459072310456754,5.3163225239656615,5.27243690241085,5.146162353653496,5.149801778322412,5.035322905817213,4.983560097671459,4.924741335291608,4.720335799568569,4.558118462929239,4.038571491759289,4.765884950722995,0.0,0.0,0.0,0.0,0.0,0.0,0.0,0.0,0.0,0.0,0.0,0.0,0.0,0.0,0.0,0.0,0.0,0.0,0.0,0.0,0.0,0.0,0.0,0.0,0.0,0.0,0.0,0.0,0.0
0.38,10.679341097466128,10.552937787686083,10.147592746841728,8.82557934143837,6.24162902130241,5.891853211183404,5.891914863147427,5.8558302903853265,5.829296955335855,5.830972411984257,5.845389919138422,5.803503272812918,5.7433997280983515,5.749650376250204,5.653979931371869,5.592400227783108,5.573347003460687,5.4996017234591505,5.439419838054634,5.349058100308752,5.32715491264069,5.265282204269773,5.146788991563548,5.141633161725562,5.031407984428857,4.944103092812407,4.764913421784655,4.703149197512942,4.3557770876933315,5.701576509371991,5.109952909966795,0.0,0.0,0.0,0.0,0.0,0.0,0.0,0.0,0.0,0.0,0.0,0.0,0.0,0.0,0.0,0.0,0.0,0.0,0.0,0.0,0.0,0.0,0.0,0.0,0.0,0.0,0.0,0.0,0.0
0.39,10.681201544721485,10.41032041372217,9.587045949170086,7.264580739992198,5.986049810783082,5.90423291355733,5.912781005941774,5.886018788548515,5.853692791622657,5.8245019621154315,5.849816455459579,5.8302843484538025,5.758241949973538,5.746940649654851,5.6757293683557,5.6127255340569695,5.579288090871531,5.502709323086872,5.441562255641192,5.377111850039981,5.336587328633894,5.265685792382295,5.148750813569544,5.1290514052423255,5.027453806569872,4.962980424923426,4.75549352206211,4.419966936849817,6.169167784303801,4.986504018740134,0.0,0.0,0.0,0.0,0.0,0.0,0.0,0.0,0.0,0.0,0.0,0.0,0.0,0.0,0.0,0.0,0.0,0.0,0.0,0.0,0.0,0.0,0.0,0.0,0.0,0.0,0.0,0.0,0.0,0.0
0.4,10.6217113904539,10.237722756563807,9.329871951447016,6.440780708092923,5.965812846714636,5.906390835594952,5.923470187727595,5.91148421916023,5.882898334668308,5.843273493119106,5.82992021568944,5.845539561933146,5.786090804489451,5.733332030021776,5.707260455676902,5.634288383560197,5.580678324208229,5.507546415654679,5.443342588967036,5.393335418550064,5.346641602435067,5.265051769667258,5.152816573078864,5.102361680867716,5.050003254433552,4.941266765228692,4.823030933957273,4.385271826999296,4.63004124585198,0.0,0.0,0.0,0.0,0.0,0.0,0.0,0.0,0.0,0.0,0.0,0.0,0.0,0.0,0.0,0.0,0.0,0.0,0.0,0.0,0.0,0.0,0.0,0.0,0.0,0.0,0.0,0.0,0.0,0.0,0.0
0.41,10.522993302341735,9.994642301025685,8.1688803060329,6.024177104844595,5.9345076683517295,5.89977553835501,5.919570905375839,5.9277791786338705,5.9051977622342475,5.863192971535536,5.825410283513974,5.850268331260743,5.808910834431093,5.7401878438732234,5.74309182485549,5.63926508722532,5.5869491088292955,5.510424685091804,5.451259004065962,5.408490925172116,5.348827556852631,5.271029878098711,5.161917550226892,5.097351469534564,5.0256805217657785,4.786984492221163,4.5094264496479575,5.9481208253251,5.344643093796129,0.0,0.0,0.0,0.0,0.0,0.0,0.0,0.0,0.0,0.0,0.0,0.0,0.0,0.0,0.0,0.0,0.0,0.0,0.0,0.0,0.0,0.0,0.0,0.0,0.0,0.0,0.0,0.0,0.0,0.0,0.0
0.42,10.412922452022595,9.47493735861698,6.953166975949596,5.947908186655043,5.938061535217383,5.91962560860555,5.907585755205318,5.922599451274999,5.933760780986623,5.889915243696098,5.843713816331387,5.8449062888003755,5.829591634974358,5.751989839505252,5.757440366918367,5.648249893802444,5.58660404449614,5.513640948186692,5.477263175335757,5.425352611602872,5.35261707981347,5.2779742352852645,5.176170212361978,5.086525134965116,5.018439394137464,4.871229188074988,6.144050469258902,5.250859778330936,0.0,0.0,0.0,0.0,0.0,0.0,0.0,0.0,0.0,0.0,0.0,0.0,0.0,0.0,0.0,0.0,0.0,0.0,0.0,0.0,0.0,0.0,0.0,0.0,0.0,0.0,0.0,0.0,0.0,0.0,0.0,0.0
0.43,10.328218036023951,9.287816951006464,6.264021712156136,5.9894165079891435,5.95113216386611,5.942528978534669,5.928702545908111,5.911969315576579,5.930370642826445,5.910726693790793,5.857327571950559,5.831447993350566,5.84308900529185,5.768892156883589,5.75181396470084,5.660400164329472,5.586706592333615,5.52374530164521,5.507722023598427,5.43934915615296,5.354225638370302,5.2833464007710385,5.190959344433974,5.046259247060615,4.974364934286539,4.655917803083817,5.095725713320645,5.598664263838169,0.0,0.0,6.575855689041447,6.777046850591012,0.0,0.0,0.0,0.0,0.0,0.0,0.0,0.0,0.0,0.0,0.0,0.0,0.0,0.0,0.0,0.0,0.0,0.0,0.0,0.0,0.0,0.0,0.0,0.0,0.0,0.0,0.0,0.0
0.44,10.17689990052532,8.336311723399302,6.012677578550504,5.991862787516954,5.971494149340535,5.964239244232333,5.951734503979438,5.927878106702364,5.918683207873342,5.934751487252486,5.877495740967602,5.832988512778788,5.8493509993198565,5.791221512127153,5.7345842159651195,5.688886909381514,5.60859624367149,5.5738036175353,5.511546487023692,5.449998085410865,5.359517584955021,5.287543394438076,5.208864988488358,5.059558238481971,4.8600435244989635,5.0404573554539525,5.487810983457597,0.0,6.258415395842482,6.535251873114819,6.747754575826282,6.9219796231506505,7.049850720647384,0.0,0.0,0.0,0.0,0.0,0.0,0.0,0.0,0.0,0.0,0.0,0.0,0.0,0.0,0.0,0.0,0.0,0.0,0.0,0.0,0.0,0.0,0.0,0.0,0.0,0.0,0.0
0.45,9.833439800172505,7.258521974690472,5.999430854840266,5.9974958780416125,5.989502524458218,5.985829848058424,5.972607493570106,5.949010096462814,5.918787422970099,5.931168722929925,5.9005862949600845,5.848440866495685,5.850111048040031,5.815698351069084,5.739996583164267,5.727235165721446,5.637544190355411,5.5827330665663935,5.515944647772832,5.460077236609017,5.36781181475724,5.302568607944868,5.209943482525376,5.040767306618631,5.1070951182077335,5.328697384235607,5.803826624665542,6.187813114637751,6.48786830012088,6.716511116219303,6.8865258479071985,7.030963635646427,7.160488365311383,7.275302038094043,0.0,0.0,0.0,0.0,0.0,0.0,0.0,0.0,0.0,0.0,0.0,0.0,0.0,0.0,0.0,0.0,0.0,0.0,0.0,0.0,0.0,0.0,0.0,0.0,0.0,0.0
0.46,9.558995430581987,6.461247848167166,5.958971552060838,6.0009753179477965,6.00715813348061,6.009679029284871,5.9935229038207245,5.969258050327563,5.932217014704048,5.925793511383848,5.91804063342746,5.8552234686712294,5.84020032735558,5.83723201016024,5.74658105253033,5.75804351693962,5.649254311118727,5.591714960628242,5.520383244652068,5.469697658709354,5.383434358930074,5.2819787798682984,5.152053148055896,5.027368290942183,5.132025328042453,5.671221312766786,6.104834608175339,6.43284864562167,6.674986545788623,6.858927706300362,7.009746217428323,7.142755401900973,7.259937614420399,0.0,0.0,0.0,0.0,0.0,0.0,0.0,0.0,0.0,0.0,0.0,0.0,0.0,0.0,0.0,0.0,0.0,0.0,0.0,0.0,0.0,0.0,0.0,0.0,0.0,0.0,0.0
0.47,9.283728847197937,6.206694264294817,5.997289080339492,6.006732675899426,6.012827190361276,6.011357776821601,6.009957591294244,5.98467790895736,5.955938702764607,5.917744066623482,5.928546494928776,5.874089870225847,5.8313184113514485,5.843751180628506,5.767957960356007,5.764851887776537,5.656487969502152,5.59123632138527,5.524281617161115,5.480701653898128,5.4074972309562055,5.239169003999323,5.105154442514403,5.021308418872934,5.496478656955195,6.006238978802053,6.367761269073394,6.630384677307474,6.823374892558938,6.985829269377633,7.122983318354915,7.24275526236118,7.365621322998307,7.46463095266663,0.0,0.0,0.0,0.0,0.0,0.0,0.0,0.0,0.0,0.0,0.0,0.0,0.0,0.0,0.0,0.0,0.0,0.0,0.0,0.0,0.0,0.0,0.0,0.0,0.0,0.0
0.48,8.538226466770794,6.0253284436851615,6.008292207273483,6.010478425703591,6.007810277520725,6.012439418392946,6.011018199600662,6.0058344279974385,5.968742773865001,5.924941813259728,5.930177003988832,5.89774688312643,5.84582558297635,5.856430029590829,5.7948790093220754,5.739474355977935,5.664272318916007,5.591571535482455,5.527352097666752,5.493005261336124,5.434296617304473,5.232290447073531,5.146252466533158,5.344756761452125,5.868412832829108,6.289922897436383,6.572106244382403,6.788068662636973,6.954960377448538,7.100963934868331,7.23604263104401,7.347426639329891,7.448640512562204,0.0,0.0,0.0,0.0,0.0,0.0,0.0,0.0,0.0,0.0,0.0,0.0,0.0,0.0,0.0,0.0,0.0,0.0,0.0,0.0,0.0,0.0,0.0,0.0,0.0,0.0,0.0
0.49,7.6899370738135335,6.0089425913604035,6.006441048761458,5.998666804989874,5.989409739482651,5.9959281838065,6.012689525538491,6.0086995688033396,5.981459194494175,5.946967557288921,5.920959558845233,5.914267722535037,5.853441447200975,5.857389795730287,5.822803175403156,5.739615443102679,5.702364986565492,5.609822514490862,5.535171668086614,5.509231554017021,5.444045556821222,5.257952454890417,5.290678964869708,5.7237948752409515,6.189973307869061,6.510617644286437,6.744773201895746,6.928287114561828,7.072834827316071,7.212115164671774,7.327430478903178,7.421743136229209,7.519567559667648,0.0,0.0,0.0,0.0,0.0,0.0,0.0,0.0,0.0,0.0,0.0,0.0,0.0,0.0,0.0,0.0,0.0,0.0,0.0,0.0,0.0,0.0,0.0,0.0,0.0,0.0,0.0
0.5,6.914594735726132,5.946275874057842,5.999232547279125,5.9770321031817355,5.989793975682138,5.992864789981523,5.99564957438324,6.014554769266196,6.001399041893399,5.966969433211368,5.92269636605601,5.922893978575557,5.867767397956212,5.838688168107595,5.842329057758583,5.7520553461542825,5.760851373627421,5.6532045312946675,5.54399913794078,5.519708597269337,5.453530518736665,5.368899081403478,5.5718734615701,6.071664538925865,6.436149558700438,6.692680425122622,6.892856452107993,7.045650450927152,7.190139697524425,7.30143044510822,7.399543065953589,7.499664485610216,7.592776252124267,7.678995140232063,0.0,0.0,0.0,0.0,0.0,0.0,0.0,0.0,0.0,0.0,0.0,0.0,0.0,0.0,0.0,0.0,0.0,0.0,0.0,0.0,0.0,0.0,0.0,0.0,0.0,0.0
0.51,6.539704786397651,5.981505387606535,5.991830140048423,5.987647959034128,6.020764964684634,6.024275292936405,6.0031979624300895,6.006311867608092,6.0050472812970055,5.969262429316511,5.932422173784933,5.928619888903263,5.895368646525962,5.851258253994012,5.865635591640877,5.7897417544584675,5.789834838094889,5.6789318771366055,5.646703027784181,5.537708249320618,5.509499240547646,5.523520587533342,5.9365845094632235,6.3450382547568855,6.630312956804858,6.849200484325848,7.014719080394996,7.165546050660844,7.278102664839532,7.371167088904367,7.473109778528613,7.573582624185066,7.662370812563362,7.744604435639776,0.0,0.0,0.0,0.0,0.0,0.0,0.0,0.0,0.0,0.0,0.0,0.0,0.0,0.0,0.0,0.0,0.0,0.0,0.0,0.0,0.0,0.0,0.0,0.0,0.0,0.0
0.52,6.233128166360022,6.001896362678871,5.974825016017337,6.016146985780056,6.038229485022928,6.04076284109343,6.032333654845486,6.0000147163997735,6.013417706327085,5.9931121333317465,5.958748542648546,5.9183823401493685,5.918063154818529,5.855727983965593,5.871796226576311,5.826869230907357,5.745546506332307,5.687946199089556,5.632244814245184,5.595457645594534,5.572086638137711,5.7731546085006284,6.23269952036831,6.5511395316498,6.795583891490317,6.982769534358206,7.137895751748697,7.236056513250162,7.346010015340994,7.4500232972771805,7.5477262742838915,7.6440088929327334,7.728886619315418,7.807386188324457,0.0,0.0,0.0,0.0,0.0,0.0,0.0,0.0,0.0,0.0,0.0,0.0,0.0,0.0,0.0,0.0,0.0,0.0,0.0,0.0,0.0,0.0,0.0,0.0,0.0,0.0
0.53,5.998283110796268,6.007836411898987,5.9753318915482545,6.033926552003657,6.050519673757848,6.053309761668548,6.04631643054214,6.027411735679338,6.008809444679624,6.00153431180765,5.955358239470729,5.924752199053212,5.928842850307905,5.878723118350086,5.856983860208073,5.8568815026996415,5.759002606375382,5.703126848123422,5.655067279210997,5.5575952769035855,5.6404610475983326,6.100755789587095,6.453890316188032,6.729196406556328,6.939261456294747,7.106516288383253,7.208126142235152,7.319243239190588,7.424961585349942,7.525018772071644,7.618961509881247,7.706393629894445,7.792639516603874,7.867638333264555,7.936616828446652,0.0,0.0,0.0,0.0,0.0,0.0,0.0,0.0,0.0,0.0,0.0,0.0,0.0,0.0,0.0,0.0,0.0,0.0,0.0,0.0,0.0,0.0,0.0,0.0,0.0
0.54,6.00700329996108,6.0059412134717025,5.997425981227634,6.046258518937658,6.066796057158546,6.066739687252319,6.055965620638432,6.044041427463791,6.009351611957544,6.0114875082397266,5.980614348711394,5.946753412582161,5.922834215880413,5.9016125566186615,5.865890989539349,5.901463803001336,5.812055963981093,5.766716315872964,5.71256129350736,5.6643670430728745,5.972627517558452,6.335829344630048,6.642734779061948,6.884925893837724,7.070057535943908,7.178969887938564,7.2910425156671135,7.398000395960701,7.500213202507498,7.596811040435919,7.687265928865311,7.771222197064895,7.853926758271917,7.925585665250877,7.991367322912248,0.0,0.0,0.0,0.0,0.0,0.0,0.0,0.0,0.0,0.0,0.0,0.0,0.0,0.0,0.0,0.0,0.0,0.0,0.0,0.0,0.0,0.0,0.0,0.0,0.0
0.55,5.920993036522379,6.001190784074189,6.018753390867448,6.061167002700856,6.07743936430459,6.0784446383763155,6.06729307851468,6.053830049704793,6.036567283515911,6.0105875344462545,6.000281521525207,5.946402354586105,5.921944000984833,5.932934834199511,5.87473789624979,5.900819846065792,5.865965900272203,5.844151854763896,5.761445537261277,5.929971773200789,6.201723716370205,6.535088923002244,6.81439049827164,7.025991474688206,7.148347096291164,7.261639566237876,7.3692510519889485,7.473156224514931,7.572325515392348,7.665819828080077,7.752942790343851,7.833641593746198,7.907955989897727,7.981433680515886,8.071538668741168,0.0,0.0,0.0,0.0,0.0,0.0,0.0,0.0,0.0,0.0,0.0,0.0,0.0,0.0,0.0,0.0,0.0,0.0,0.0,0.0,0.0,0.0,0.0,0.0,0.0
0.56,5.98659052054078,5.99746068161383,6.031773970725057,6.073057564948609,6.086906178754831,6.087191341874947,6.081155854625055,6.061754425677299,6.049808752853857,6.020375543352166,6.010751095612596,5.979530222662465,5.9517303753515165,5.930175435563565,5.899710279060245,5.898197740973772,5.941757681350538,5.858352148581467,5.8737928527009995,6.075169545528441,6.422325272201755,6.736599347159194,6.962123344069378,7.1148912916559945,7.231156961839291,7.338941022079533,7.443900596591981,7.545410957593844,7.641897973580174,7.732404864853127,7.81638934653633,7.893880114652948,7.9650283164674285,8.030154909720306,8.122830606069064,8.178816512662625,0.0,0.0,0.0,0.0,0.0,0.0,0.0,0.0,0.0,0.0,0.0,0.0,0.0,0.0,0.0,0.0,0.0,0.0,0.0,0.0,0.0,0.0,0.0,0.0
0.57,5.977474354741859,5.98683978220406,6.043365684131852,6.084389917717239,6.080441061495688,6.080056386051597,6.083699304328899,6.077038306916541,6.054295557592219,6.044272407731998,6.0182958203356565,6.007334837437664,5.948968841292091,5.939713187967022,5.952563724007647,5.902485986292472,5.9344505580841105,5.982340784648814,5.9969121498955555,6.292266700880313,6.622379680238883,6.8952130275605725,7.078497548255938,7.199534460181756,7.30738911756848,7.412564264431264,7.515874701320928,7.615286688656155,7.709253064491783,7.796807438523404,7.877760009073641,7.952137288249399,8.020210436150588,8.108597386649366,8.166620820295877,8.225639192547145,0.0,0.0,0.0,0.0,0.0,0.0,0.0,0.0,0.0,0.0,0.0,0.0,0.0,0.0,0.0,0.0,0.0,0.0,0.0,0.0,0.0,0.0,0.0,0.0
0.58,5.968762837395123,5.973848731432466,6.057732821367266,6.081985216430174,6.079486466235931,6.07991877647858,6.078370553471269,6.077602035003486,6.069271783786165,6.050630933793669,6.038361050809098,6.027879934226192,6.005603437266041,5.946901100367488,5.949162012730767,5.952457690075537,5.922431187414832,6.011578145499181,6.155227159871502,6.473579386309591,6.805689757446248,7.029113348792623,7.165350322665197,7.274843570015193,7.379408664533226,7.48373370606257,7.58583629992658,7.683271054266811,7.774670665464132,7.8593323002551685,7.937244944050216,8.008556778723628,8.073621489775878,8.159471956719138,8.1966723951724,8.254763846650894,0.0,0.0,0.0,0.0,0.0,0.0,0.0,0.0,0.0,0.0,0.0,0.0,0.0,0.0,0.0,0.0,0.0,0.0,0.0,0.0,0.0,0.0,0.0,0.0
0.59,5.964437397403465,5.974046551365023,6.0686955474976765,6.077429626804389,6.083232986602897,6.086282678967006,6.081076606526544,6.0772591287007,6.073428209303766,6.058032920271233,6.051659337333288,6.039298182747471,6.036344441961396,6.014655603814558,5.959828733505466,5.969388228501585,5.9937642816521945,6.11797248954546,6.317983434508988,6.680161611278703,6.958923707473632,7.12777695017682,7.241284755841208,7.344836204249806,7.449094776060672,7.553294845878622,7.654182211023724,7.749591322417675,7.838360977124854,7.9200986127148365,7.994974930873326,8.049682686626676,8.135309282012912,8.191837303471777,8.243164007215787,8.28972243667457,8.412852636179005,0.0,0.0,0.0,0.0,0.0,0.0,0.0,0.0,0.0,0.0,0.0,0.0,0.0,0.0,0.0,0.0,0.0,0.0,0.0,0.0,0.0,0.0,0.0
0.6,5.962523384881762,5.989367737912345,6.078827963001078,6.080758836809006,6.091522321011993,6.089993207350775,6.085569501945048,6.080206847555505,6.076283296166573,6.070630148890426,6.0567406077834915,6.049278769306248,6.050914267841304,6.04515123228305,6.023440149662516,6.026069002418549,6.130408443104333,6.241852680569172,6.515066027565017,6.864992488488382,7.076768499729121,7.205285330345662,7.30919543409635,7.412267562527924,7.517632056835743,7.621762955099271,7.721280729319268,7.814437878444761,7.889922358193962,7.967656813056011,8.038417364675484,8.126423207199185,8.1857471828784,8.239535984036323,8.28823638483505,8.361395013034086,8.453333110553038,8.492791807362265,0.0,0.0,0.0,0.0,0.0,0.0,0.0,0.0,0.0,0.0,0.0,0.0,0.0,0.0,0.0,0.0,0.0,0.0,0.0,0.0,0.0,0.0
0.61,5.964252719401066,6.005246311240105,6.083836000567562,6.08530425056637,6.089577721380216,6.086526195636394,6.086429926322334,6.085209042638001,6.080407601092833,6.079866827538001,6.070295417860793,6.0580986767796645,6.056990990822281,6.067929929632917,6.08408591869695,6.101475189875143,6.171752070126581,6.4209247659272615,6.731163590626789,7.009391319712178,7.163698646835401,7.272582560419317,7.373782292426497,7.478960814386824,7.58568737257832,7.689423842195637,7.7787184498762025,7.868270657022346,7.9503530926585375,8.025052872019984,8.092804343677015,8.178275343730395,8.23472185828036,8.285805880647722,8.33196132682157,8.44101071769908,8.481377919493161,8.52986411356315,0.0,0.0,0.0,0.0,0.0,0.0,0.0,0.0,0.0,0.0,0.0,0.0,0.0,0.0,0.0,0.0,0.0,0.0,0.0,0.0,0.0,0.0
0.62,5.9693277667726745,6.020531995943595,6.078916191847133,6.091205319581472,6.090344617801788,6.102296119113522,6.101424714518192,6.091824707074905,6.087347289985425,6.084695381700823,6.089241489400103,6.092330585966023,6.083846891703732,6.078498856972905,6.106271161739608,6.161838580406953,6.317863603160164,6.559467451302634,6.91917228336173,7.112035635002273,7.233436236788533,7.334357253305552,7.437728790898337,7.545880165085981,7.646974888768719,7.748696914756457,7.843396147821883,7.930241013387071,8.009330509572637,8.080971602882734,8.169149909822831,8.228596358621392,8.282271160093416,8.330696894652833,8.403222303471967,8.481506775997424,8.519624250824334,8.565866400268014,0.0,0.0,0.0,0.0,0.0,0.0,0.0,0.0,0.0,0.0,0.0,0.0,0.0,0.0,0.0,0.0,0.0,0.0,0.0,0.0,0.0,0.0
0.63,5.974060531599025,6.030482320393357,6.075858681066191,6.08466822880275,6.103658430291152,6.102392651167436,6.105083440724438,6.108317195585717,6.1086288987405775,6.101619424884288,6.097570001838316,6.101608691800875,6.1142059948419405,6.117384905181353,6.202193759256103,6.283135555310576,6.496349194211075,6.798718320134171,7.03959932273032,7.185831066984769,7.290865659959959,7.391011124407139,7.497765535933374,7.607660807326022,7.71451536214265,7.814788011363519,7.906970640819306,7.9909332370790125,8.066895713659394,8.158211267062995,8.220994778071992,8.277509722245897,8.328419299978949,8.402588465495203,8.481126331156723,8.52081346261215,8.556756726317493,8.589325935368814,0.0,0.0,0.0,0.0,0.0,0.0,0.0,0.0,0.0,0.0,0.0,0.0,0.0,0.0,0.0,0.0,0.0,0.0,0.0,0.0,0.0,0.0
0.64,5.979477945072188,6.0399093759525195,6.080071622322717,6.092553276561256,6.100553277059718,6.102765023853078,6.103063141548001,6.106147564583024,6.1123648219362465,6.120790128321603,6.131304859104104,6.146578765551457,6.160263936677757,6.176836101382166,6.2647732241239105,6.44637439083779,6.616585132525202,6.9478948743451765,7.128808227090539,7.2479730574181325,7.348230453266445,7.452332764030897,7.5638776804738725,7.67572913362306,7.781982584263099,7.8801575268803425,7.969509910080113,8.050316754748163,8.123084568506211,8.202580055291394,8.261816505687257,8.314983495215744,8.388004405558947,8.431514301322597,8.50201579736271,8.53841936332874,8.571195711696024,8.60065401203709,0.0,0.0,0.0,0.0,0.0,0.0,0.0,0.0,0.0,0.0,0.0,0.0,0.0,0.0,0.0,0.0,0.0,0.0,0.0,0.0,0.0,0.0
0.65,5.9836342088033785,6.052026981215608,6.086110277152666,6.100602704157144,6.100973568862162,6.09726987774845,6.101621554417077,6.105496401534001,6.111775503217108,6.122056884356672,6.132892909286768,6.151820689440127,6.19114528898441,6.2792759029479885,6.339573998330479,6.538206642150169,6.8577780605655185,7.048171973454656,7.194294367317995,7.304755781131025,7.4057251716729535,7.5159375743130425,7.631793440713486,7.744391050868054,7.849188306725291,7.944660991094501,8.025015256254262,8.102160463052455,8.192136832682968,8.254883173895122,8.311097505025701,8.386449894621137,8.432246365488096,8.503601751534276,8.541702382382274,8.575955785734015,8.606736580804691,8.63433007005205,0.0,0.0,0.0,0.0,0.0,0.0,0.0,0.0,0.0,0.0,0.0,0.0,0.0,0.0,0.0,0.0,0.0,0.0,0.0,0.0,0.0,0.0
0.66,5.9928170126704225,6.063050856862382,6.092865595972421,6.09927681922734,6.097373404048786,6.11863117331968,6.130619992875496,6.137812658517639,6.145616840718336,6.159598505962897,6.185485596351966,6.233112261217767,6.264908576074802,6.345599873692287,6.489309280210072,6.663193614354039,6.984834913487754,7.12899127510329,7.254477098990771,7.356490836263241,7.465118060284381,7.5825043845256435,7.701388353695984,7.81347985517489,7.910899486176346,8.002890261748108,8.085371917171287,8.17949058736046,8.246157170286516,8.305759871854988,8.383702181232643,8.4319997049299,8.47521331959019,8.544391560363183,8.580249840351632,8.612417581029822,8.641259299952042,8.667080773309584,8.690234754245656,0.0,0.0,0.0,0.0,0.0,0.0,0.0,0.0,0.0,0.0,0.0,0.0,0.0,0.0,0.0,0.0,0.0,0.0,0.0,0.0,0.0
0.67,6.00425521651641,6.068676645529626,6.088477636872841,6.101578228391229,6.116704814278945,6.14576719500479,6.162686144462846,6.1741630552075835,6.185484295829291,6.201652095224963,6.230962931437387,6.2580760807864495,6.322268528766478,6.453577139680245,6.599602811454187,6.89044631063485,7.05313376973611,7.193681362210142,7.31099645543338,7.411296451116349,7.525048734658213,7.648448076311658,7.768096586599132,7.878068524927134,7.977061074612037,8.06556853809615,8.144450905255097,8.235493909111003,8.298796321828853,8.355241550529886,8.4306678184239,8.476241731417526,8.546424124544819,8.584023800904474,8.61768835358301,8.647855068784589,8.674847051337975,8.698917270882296,8.720482014440465,0.0,0.0,0.0,0.0,0.0,0.0,0.0,0.0,0.0,0.0,0.0,0.0,0.0,0.0,0.0,0.0,0.0,0.0,0.0,0.0,0.0
0.68,6.006262377285657,6.078843643384958,6.088055076226662,6.096788771350185,6.141936474549904,6.170021002307896,6.1815419813921775,6.1902753939682365,6.196396991414252,6.222733152703777,6.225004844409565,6.300673576202815,6.447083623521864,6.502583462413494,6.758311520394394,6.957772674207545,7.125266816513582,7.254008981401964,7.36318604110717,7.468792030650279,7.593162144246077,7.720939564478109,7.839900044259377,7.946957468974628,8.042351951781576,8.127034312506519,8.222588639173965,8.290027652051243,8.349999793752195,8.428138838609023,8.476291993774485,8.519216185502,8.58720472591365,8.622506201550932,8.65407753506069,8.68229339763073,8.707444140717966,8.729907642324076,8.749926505457033,0.0,0.0,0.0,0.0,0.0,0.0,0.0,0.0,0.0,0.0,0.0,0.0,0.0,0.0,0.0,0.0,0.0,0.0,0.0,0.0,0.0
0.69,6.0062031350815,6.083103524145739,6.098726446472257,6.109234026412649,6.162317188698823,6.181687143284349,6.184960616254349,6.192327962558377,6.2076653546160525,6.2160746021825135,6.292343734582601,6.4322286764682515,6.4263377043278185,6.635084843343304,6.906734133107183,7.052491117515698,7.196674693741556,7.3104332943057315,7.4107237140885,7.532098535460325,7.666223521233348,7.795391309263233,7.911925274837758,8.015212200114329,8.106514839228558,8.20720020022073,8.279283202130932,8.343139473564392,8.424281544856658,8.475267504209913,8.520613277779717,8.589711637543212,8.626807034978736,8.659904275028488,8.689454019482035,8.715791760019977,8.739206866052664,8.760083250025433,8.778595140234895,0.0,0.0,0.0,0.0,0.0,0.0,0.0,0.0,0.0,0.0,0.0,0.0,0.0,0.0,0.0,0.0,0.0,0.0,0.0,0.0,0.0
